Company Name,Email,Phone Number,Address,Source URL
Wholesale168 Make Manitou24 Toyota18 Kubota12 Bobcat10 Terex10 AJCE1 Agria1 Agrisem1 Ammann5 Atlas Copco3 Atlas3 Ausa6 Bagela1 Bell5 Bobcat10 Bomag5 CDO Innov1 Case Construction2 Case4 Caterpillar8 Clark1 Clemens1 Comabi1 Co,,,,https://www.machineryzone.com/pros/list/4-france.html
Kobelco1 Fuchs1 Furukawa3 Genie3 Geo1 Gipo1 Grove2 Hamm1 Hangcha2 Hanix1 Hanomag1 Haulotte3 Heli1 Hidromek1 Hinowa1 Hitachi5 Honda1 Husqvarna3 Hyster1 Hyundai8 IHI3 Ihimer1 Imer Group3 Immer1 Ingersoll Rand1 Iseki1 JCB7 JLG4 John Deere5 Kaeser1 Keestrack1 Kobelco4 Komatsu6 Komplet1 Kramer3 Krampe1 Kubota12 LVM1 Lancy1 LaserGrader1 Lebrero1 Liba1 Libra1 Liebherr8 Lumag1 MB Dustcontrol1 Magni1 Makita1 Manitou24 McCloskey1 Mecalac4 Merlo10 Messersi1 Mesto1 Metso1 Mitsubishi2 Montabert1 Morooka1 Mstec1 Multitel1 NC Engineering1 NPK1 New Holland Co,,,,https://www.machineryzone.com/pros/list/4-france.html
Network cap alliance1 Company name Location Search Co,,,,https://www.machineryzone.com/pros/list/4-france.html
Westfalen 2 Co,,,,https://www.machineryzone.com/pros/list/4-france.html
Pfalz 1 Comunidad de Madrid 1 Galicia 1 Make Manitou 24 Toyota 18 Kubota 12 Merlo 10 Terex 10 Bobcat 10 Doosan 9 Hyundai 8 Liebherr 8 Caterpillar 8 See more Yanmar 8 Volvo 8 JCB 7 Ausa 6 Takeuchi 6 Komatsu 6 Wacker Neuson 6 Ammann 5 Bomag 5 Bell 5 Hitachi 5 John Deere 5 Case 4 Mecalac 4 Kobelco 4 Dynapac 4 JLG 4 Genie 3 Haulotte 3 IHI 3 Furukawa 3 Husqvarna 3 Atlas 3 Kramer 3 Dieci 3 Imer Group 3 Putzmeister 3 Atlas Copco 3 Sany 3 Develon 2 Thwaites 2 Fenwick 2 Mitsubishi 2 Fermec 2 PPM 2 Grove 2 Case Construction 2 Stihl 2 Hangcha 2 Sullair 2 Co,,,,https://www.machineryzone.com/pros/list/4-france.html
Renault Trucks 1 New Holland Co,,,,https://www.machineryzone.com/pros/list/4-france.html
Sunward 1 Lancy 1 Immer 1 FAE 1 Agria 1 Iseki 1 Messersi 1 TIDE POWER 1 Clemens 1 Sampo 1 Feurst 1 Epiroc 1 Multitel 1 Yale 1 Still 1 Snorkel 1 Co,,,,https://www.machineryzone.com/pros/list/4-france.html
Case Co,,,,https://www.machineryzone.com/pros/list/4-france.html
Atlas Co,,,,https://www.machineryzone.com/pros/list/4-france.html
ZAR Legal notice TOU TOS Advertising Terms and Co,,,,https://www.machineryzone.com/pros/list/4-france.html
